run_id,algorithm,mesh,noise.model,noise.level_percent,noise.seed,noise.floor_fraction,noise.electrode_gain_percent,noise.electrode_offset,noise.use_statistical_weighting,noise.weight_relative_floor,lambda,lambda_scaling,max_iter,sigma_min,sigma_max,prior,prior_eps,prior_corrlength,prior_std,tol,line_search,n_line_search,background,failed,rel_L1,rel_L2,rmse,mae,rel_L1_roi,rel_L2_roi,dice,correlation,dynamic_range,recon_min,recon_max,roi_area,data_residual,data_residual_rel,chi2_per_dof,runtime_s,n_cells,snr_db,beta,alpha,kappa,stopping_criterion,step_min,initial_step_size
gn_mesh=coarse,gn,coarse,relative_to_max,1,0,0,0,0,True,0.001,0.05,auto,12,0.01,5,laplacian,0.0001,0.2,0.15,1e-05,armijo,6,1,False,0.2546097,0.33221662,0.38504645,0.26954663,0.44222575,0.40238997,0.46159292,0.60291475,0.68406085,0.16735849,2.0827289,0.30514381,0.089790324,0.023855707,0.75539836,1.082459,568,31.138223,,,,,,
tv_mesh=coarse,tv,coarse,relative_to_max,1,0,0,0,0,True,0.001,5,auto,10,0.01,5,,,,,1e-05,armijo,6,1,False,0.32004505,0.39450152,0.45723603,0.3388208,0.41131792,0.37633938,0.3780806,0.51858447,0.77498223,0.018846158,2.1887964,0.30514381,0.089010847,0.023648614,0.74233994,0.22107911,568,31.138223,1e-06,,,,,
l1_mesh=coarse,l1,coarse,relative_to_max,1,0,0,0,0,True,0.001,,,150,0.01,5,,,,,,,,1,False,0.17250954,0.2899339,0.33603983,0.18262998,0.51014556,0.45062852,0.59879963,0.74780023,0.55505374,0.37299923,1.9271497,0.30514381,0.10722,0.028486465,1.0771311,3.41467,568,31.138223,,1e-05,0.0285,0.0005,1e-06,0.05
linear_mesh=coarse,linear,coarse,relative_to_max,1,0,0,0,0,True,0.001,0.3,auto,,0.01,5,laplacian,0.0001,0.2,0.15,,,,1,False,0.22016107,0.32609984,0.37795695,0.23307703,0.4734951,0.46471544,0.3925802,0.63273444,0.59278239,0.14451512,1.8043058,0.30514381,0.24017186,0.063809431,5.4045706,0.023659945,568,31.138223,,,,,,
gn_mesh=edge_refined,gn,edge_refined,relative_to_max,1,0,0,0,0,True,0.001,0.05,auto,12,0.01,5,laplacian,0.0001,0.2,0.15,1e-05,armijo,6,1,False,0.29826857,0.37321221,0.43256124,0.31576679,0.44024859,0.39564281,0.61204344,0.54064876,0.88123062,0.01,2.4774457,0.30514381,0.091380985,0.024278318,0.78239961,0.43359709,902,31.138223,,,,,,
tv_mesh=edge_refined,tv,edge_refined,relative_to_max,1,0,0,0,0,True,0.001,5,auto,10,0.01,5,,,,,1e-05,armijo,6,1,False,0.3389967,0.42591223,0.49364173,0.35888427,0.38650776,0.37633973,0.57923008,0.51387196,0.94854949,0.01,2.6659386,0.30514381,0.096523255,0.025644528,0.87293293,0.35759807,902,31.138223,1e-06,,,,,
l1_mesh=edge_refined,l1,edge_refined,relative_to_max,1,0,0,0,0,True,0.001,,,150,0.01,5,,,,,,,,1,False,0.13862564,0.28380562,0.32893702,0.14675825,0.49286576,0.45470387,0.5812377,0.78096827,0.58238574,0.27083833,1.9015184,0.30514381,0.10319155,0.027416176,0.99771202,2.036654,902,31.138223,,1e-05,0.0285,0.0005,1e-06,0.05
linear_mesh=edge_refined,linear,edge_refined,relative_to_max,1,0,0,0,0,True,0.001,0.3,auto,,0.01,5,laplacian,0.0001,0.2,0.15,,,,1,False,0.22348837,0.33039309,0.38293293,0.23659954,0.47737219,0.4630311,0.4131956,0.61442343,0.66362254,0.01,1.8681431,0.30514381,0.28387737,0.075421215,7.5505484,0.030149698,902,31.138223,,,,,,
gn_mesh=medium,gn,medium,relative_to_max,1,0,0,0,0,True,0.001,0.05,auto,12,0.01,5,laplacian,0.0001,0.2,0.15,1e-05,armijo,6,1,False,0.29051748,0.36384948,0.42170963,0.30756098,0.43740937,0.3917455,0.5412604,0.55487671,0.86728619,0.01,2.4384013,0.30514381,0.090226578,0.023971612,0.76275652,0.426229,940,31.138223,,,,,,
tv_mesh=medium,tv,medium,relative_to_max,1,0,0,0,0,True,0.001,5,auto,10,0.01,5,,,,,1e-05,armijo,6,1,False,0.31654688,0.40005229,0.46366949,0.33511742,0.40004044,0.36953376,0.47719441,0.53043552,0.8897973,0.01,2.5014324,0.30514381,0.096161248,0.025548349,0.8663974,0.34313989,940,31.138223,1e-06,,,,,
l1_mesh=medium,l1,medium,relative_to_max,1,0,0,0,0,True,0.001,,,150,0.01,5,,,,,,,,1,False,0.14471882,0.27984992,0.32435227,0.15320889,0.4703471,0.44128613,0.6035348,0.7844399,0.60865597,0.24442604,1.9486627,0.30514381,0.12040889,0.03199052,1.35842,2.0149088,940,31.138223,,1e-05,0.0285,0.0005,1e-06,0.05
linear_mesh=medium,linear,medium,relative_to_max,1,0,0,0,0,True,0.001,0.3,auto,,0.01,5,laplacian,0.0001,0.2,0.15,,,,1,False,0.22347164,0.32881239,0.38110086,0.23658183,0.47224243,0.4603515,0.40849897,0.62144997,0.65140245,0.014854251,1.8387811,0.30514381,0.28584555,0.075944125,7.6556102,0.03185606,940,31.138223,,,,,,
