x,y,sigma
0.6516976,0.7489326,0.55867057
0.88869417,0.44252963,1.1157255
0.83235406,0.53795895,0.86353318
0.66328593,0.73861986,0.64430993
0.63987244,0.7589729,0.51246992
0.89545388,0.42856724,1.1022663
0.8816114,0.45633094,1.1082544
0.84314269,0.52069353,0.919735
0.8210432,0.55488685,0.80993418
0.99294576,0.023111069,0.82236927
0.93056416,0.34285271,1.1244534
0.92513152,0.35738296,1.1092331
0.90698904,0.39948511,1.0897595
0.91309183,0.38522334,1.0925733
0.85995128,0.48216644,1.0560886
0.79278699,0.59630608,0.67452864
0.78046381,0.61251189,0.59691138
0.68577669,0.71846068,0.80694241
0.66718736,0.72585885,0.76612454
0.62256414,0.75504575,0.5521841
0.8926459,0.41343396,1.0676346
0.86411776,0.45932633,1.0566475
0.83952707,0.49924264,0.96699253
0.79996781,0.57067054,0.77175804
0.99312626,0.0075994817,0.84586921
0.99240438,0.038614257,0.80307777
0.92027938,0.32658006,1.1212843
0.91012128,0.3707655,1.0759932
0.76922711,0.62649169,0.64903771
0.69687267,0.70761996,0.86649047
0.93411226,0.31198526,1.1843133
0.99093323,-0.039356886,0.92455415
0.99147461,-0.023853698,0.89853051
0.99079526,0.069283154,0.76551289
0.95047044,0.28620735,1.2353972
0.95550196,0.26899161,1.2284485
0.97513631,0.17794536,0.93789658
0.74316051,0.64563093,0.8644667
0.72585053,0.67218996,0.95437422
0.71527094,0.68353519,0.93769354
0.6428542,0.70720716,0.89022858
0.60997428,0.77455281,0.44762507
0.6157903,0.72112997,0.8266194
0.85976013,0.40325787,0.97349979
0.84161338,0.4283284,0.96206071
0.8089271,0.48706716,0.91812741
0.76643201,0.56080769,0.87619292
0.98484905,-0.0046210508,0.87316853
0.98507168,0.049763077,0.78870265
0.8958157,0.33136111,0.99655675
0.89109024,0.3610163,0.99426031
0.75023331,0.62500607,0.77315896
0.69698643,0.69244975,0.94471421
0.93280315,0.29199871,1.2081244
0.97520406,-0.050455043,0.95095791
0.98953318,0.084744365,0.75429733
0.94265355,0.24707462,1.1556608
0.97849651,0.15786556,0.89315444
0.97116446,0.19791317,0.98119031
0.72212082,0.65314503,0.99511476
0.76769606,0.5155831,0.96452242
0.98239879,-0.069232491,1.0053309
0.95389683,0.2326058,1.1022766
0.67286609,-0.72852513,0.86179552
0.68421131,-0.71794553,0.86809465
0.73861986,-0.66328593,0.74428176
0.7489326,-0.6516976,0.68397064
0.7161673,-0.68507575,0.83649588
0.70532658,-0.69617173,0.8535547
0.81553737,-0.5631269,0.68209179
0.86455777,-0.48665638,0.58464163
0.90631401,-0.39898269,0.90172272
0.93622431,-0.33013871,0.9746207
0.94131737,-0.31548597,0.98927366
0.987647,-0.099308177,1.0837875
0.98570734,-0.11713893,1.0981889
0.97912076,0.11637323,0.77563514
0.66155729,0.68463878,1.0691903
0.58456999,0.78251315,0.66670712
0.57914884,0.71738424,1.0967417
0.85804064,0.37239343,0.88036086
0.80684693,0.43899303,0.83453337
0.73397204,0.59296641,0.97670888
0.96371587,-0.0062116847,0.87870158
0.95121548,0.04528213,0.81564116
0.87122022,0.31046951,0.84994063
0.92224419,0.26267045,1.1046664
0.95461226,-0.036542489,0.91027896
0.97462971,0.094204906,0.76968293
0.96705948,0.13942979,0.85470424
0.9509942,0.20563786,1.0172259
0.69173922,0.62963538,1.2301331
0.72936382,0.4981371,1.0942908
0.97354081,-0.087196679,1.0512676
0.6538963,-0.72525051,0.87031009
0.6908325,-0.69896009,0.8890266
0.72356548,-0.66648642,0.83767628
0.7589729,-0.63987244,0.65922068
0.80371484,-0.57970148,0.70466479
0.82684823,-0.546199,0.70266823
0.85430143,-0.50424322,0.6541951
0.87317332,-0.47092519,0.64263205
0.89988102,-0.41309859,0.89411874
0.91241679,-0.38472093,0.91779166
0.92397227,-0.33585431,0.95881371
0.94606811,-0.3007187,1.0024027
0.96552333,-0.13250419,1.069566
0.64570608,-0.74361561,0.82409319
0.92425108,-0.35585977,0.94869067
0.61417061,-0.77983007,0.8012206
0.62815041,-0.76859338,0.79149229
0.77455281,-0.60997428,0.60421746
0.88067385,-0.44027606,0.81733921
0.96442543,-0.22860564,1.0485435
0.96900521,-0.20876843,1.0548357
0.94902847,-0.26723417,1.0425102
0.654684,0.64648041,1.379888
0.57970148,0.80371484,0.67968154
0.56051838,0.75926036,0.92807725
0.55019334,0.68134032,1.4288193
0.83971558,0.33806136,0.70020856
0.76708388,0.41828872,0.73349319
0.69651765,0.59008163,1.2713916
0.93759548,0.017031088,0.85964852
0.94203559,0.074262748,0.82098624
0.88758623,0.26900419,0.91529738
0.92261403,-0.046972368,0.90374577
0.93455181,0.14068424,0.90625711
0.92398515,0.17685894,0.95808894
0.73083181,0.44891685,0.99987778
0.68050732,0.50025503,1.3079144
0.95263581,-0.11028521,1.0180154
0.6489757,-0.70082433,0.97092268
0.67456667,-0.6851135,0.97341742
0.7015998,-0.64004579,0.97736267
0.75504575,-0.62256414,0.71901421
0.78251315,-0.58456999,0.77705983
0.83336526,-0.52068773,0.75258109
0.86432561,-0.45470326,0.76366558
0.88065193,-0.41769849,0.89554862
0.90856581,-0.36873988,0.94216105
0.89743681,-0.32060693,0.95645417
0.93582422,-0.28633071,1.0026815
0.97037379,-0.15017427,1.0611432
0.62673995,-0.75005467,0.80878036
0.58901804,-0.77632164,0.85463766
0.94670866,-0.24131703,1.0229751
0.97297706,-0.18880062,1.0440204
0.53756858,-0.83281173,1.0383089
0.44252963,-0.88869417,1.2075968
0.61095017,0.61350454,1.7239178
0.5631269,0.81553737,0.72874243
0.51310036,0.77085666,1.0452651
0.48412518,0.69033416,1.3068136
0.56180405,0.6295418,1.70533
0.79771633,0.32434814,0.49806784
0.75813158,0.36304644,0.6176184
0.6649515,0.53966089,1.5478815
0.9041261,-0.0093403829,0.90572232
0.91401898,0.097685523,0.92645107
0.85600952,0.23388798,0.79214519
0.92175974,-0.0917114,0.90652678
0.87490172,0.18430649,0.93781563
0.6819753,0.45103478,1.2269122
0.62036059,-0.68606957,1.0822445
0.67245088,-0.65027344,1.074005
0.71781598,-0.61368283,0.98235329
0.75987804,-0.56170556,1.1024813
0.81202759,-0.4935271,0.97141279
0.82910993,-0.45198891,0.96720417
0.84971132,-0.39897387,1.0167029
0.8848312,-0.34625898,0.96907524
0.90190624,-0.29314735,0.94376822
0.95737193,-0.1739786,1.0167761
0.59561638,-0.75149759,0.88343829
0.57995321,-0.79224606,0.89150525
0.91713968,-0.22772721,0.93643878
0.52030316,-0.84360036,1.0718334
0.55449648,-0.82150087,0.98811342
0.42856724,-0.89545388,1.1901331
0.45633094,-0.8816114,1.2068536
0.26721663,-0.95545269,0.6869387
0.28443238,-0.95042117,0.77918841
0.31136385,-0.93453891,0.98537784
0.34243939,-0.93028954,1.08791
0.35696964,-0.9248569,1.1081734
0.48210137,-0.86002756,1.1791888
0.39638186,-0.90415254,1.1586055
0.38212009,-0.91025532,1.1471199
0.61643924,0.54623877,1.8414794
0.546199,0.82684823,0.80087995
0.49506611,0.81244902,0.97471014
0.46566266,0.73797438,1.1631614
0.43733262,0.64061737,1.2117618
0.52047051,0.59045432,1.7287378
0.79764426,0.26164009,0.70616006
0.70723275,0.34640379,1.0357995
0.8588763,-0.0066854344,0.96260491
0.87116919,0.093910659,1.0644301
0.8814276,-0.11309051,0.78636437
0.84261859,0.14435693,1.0989056
0.66732854,0.403764,1.3697678
0.58830346,-0.71702761,1.0087054
0.63381647,-0.64645177,1.2357831
0.71468793,-0.57822855,1.2811282
0.77105291,-0.51274853,1.2592753
0.81451756,-0.41883708,1.1200343
0.85130858,-0.3576313,1.010343
0.8855415,-0.26046099,0.85372576
0.92138972,-0.19024023,0.90337715
0.55392729,-0.79988456,0.92936328
0.4987872,-0.84006102,1.0787145
0.41033071,-0.8898094,1.154159
0.45926127,-0.86419404,1.157164
0.24752854,-0.96063613,0.67473556
0.28960232,-0.93318053,0.90267776
0.32554532,-0.92043141,1.0590156
0.36724892,-0.90701016,1.1196395
0.19844897,-0.97089101,0.55535609
0.55624721,0.50621521,2.0170798
0.52068773,0.83336526,0.88315439
0.45352792,0.82953136,1.0206399
0.4153595,0.76424831,1.0938269
0.46206724,0.59253606,1.5330898
0.37436569,0.64548538,0.81618462
0.5094246,0.53439349,1.8167426
0.73743468,0.24411255,1.0906565
0.68660793,0.29017796,1.3086397
0.840316,0.04489179,1.135963
0.83703208,-0.065696526,0.8258596
0.88117192,-0.16559601,0.73000635
0.78200963,0.13238412,1.3214474
0.61268917,0.38346223,1.8116775
0.54419245,-0.70051955,1.0469861
0.60542822,-0.61342192,1.4773324
0.67579116,-0.54895402,1.6103542
0.73470691,-0.48094967,1.5368686
0.76912384,-0.40649958,1.300719
0.80147921,-0.33258659,0.99618262
0.83738174,-0.2467792,0.69110125
0.51698533,-0.78594,0.88229362
0.48748823,-0.80954314,0.93800915
0.40333675,-0.85703897,1.0773651
0.43144547,-0.841805,1.0300768
0.2210964,-0.95746005,0.69200091
0.26792224,-0.90560732,0.98781372
0.32418388,-0.89100519,1.0882279
0.35135723,-0.88301659,1.0857878
0.17848116,-0.97486286,0.45205882
0.55158808,0.4301153,2.1074617
0.50424322,0.85430143,0.89659914
0.45470326,0.86432561,0.99665345
0.42125902,0.81421292,1.0746333
0.36696581,0.75031539,1.0173217
0.45102132,0.53647523,1.6028315
0.32314839,0.60209179,0.61020938
0.34606962,0.70095451,0.82765975
0.72621378,0.1778376,1.4774216
0.62287967,0.30385384,1.8123084
0.77857483,0.064223075,1.3323092
0.78490733,-0.091207896,0.75612376
0.82876211,-0.18940122,0.5839913
0.50549857,-0.73696939,0.79870493
0.54786134,-0.63653166,1.3201915
0.62138205,-0.56160611,1.6439875
0.68463526,-0.50063218,1.6535868
0.73070564,-0.43254291,1.488839
0.75448823,-0.36159165,1.1473678
0.7913115,-0.2800729,0.74259893
0.4429866,-0.80712064,0.82290093
0.36632982,-0.85035696,1.0296602
0.22651569,-0.92241395,0.92442052
0.28832232,-0.87753948,1.095759
0.15840136,-0.97822306,0.4086082
0.11646253,-0.97907519,0.076845418
0.084744365,-0.98953318,0.48595624
0.47825714,0.38231723,2.2026179
0.48665638,0.86455777,0.91826329
0.47092519,0.87317332,0.95494453
0.44027606,0.88067385,1.0242408
0.3998568,0.84898526,1.0861618
0.33147284,0.80196262,1.1366676
0.39557447,0.50291841,1.3990439
0.3228539,0.53558612,0.82501124
0.26860592,0.63964081,0.53562089
0.2855162,0.69674124,0.75807406
0.65753316,0.16087239,1.9273066
0.57221952,0.262636,2.2345431
0.73540762,0.021877456,1.3953822
0.77689304,-0.16240708,0.52719541
0.7391462,-0.056637851,1.0816459
0.45184185,-0.71915786,0.60033543
0.5100041,-0.59844413,1.3252806
0.58086544,-0.52381721,1.6039987
0.64123643,-0.45654899,1.6156183
0.66866066,-0.41788083,1.4660588
0.69951065,-0.34279552,1.0189991
0.7194415,-0.25523535,0.58434986
0.41882698,-0.76570597,0.57962239
0.33301903,-0.80831061,0.91428693
0.18425737,-0.90628075,1.1677916
0.28218488,-0.82750454,1.1568236
0.14005489,-0.96674045,0.43422523
0.094294206,-0.97458414,0.41608624
0.069283154,-0.99079526,0.63049295
0.038614257,-0.99240438,0.87636006
0.023111069,-0.99294576,0.95267248
-0.11875994,-0.98498256,1.0551359
0.48869808,0.29444632,2.3981182
0.39981173,0.42062303,1.839273
0.41769849,0.88065193,1.0512044
0.35846431,0.85066786,1.1111029
0.27870007,0.79629177,1.184686
0.2574814,0.49817959,0.82218599
0.19773234,0.62109938,0.54792132
0.25363962,0.74043128,1.0164821
0.58923683,0.19683494,2.2318204
0.64212226,0.094064868,1.9377366
0.67174814,0.036142766,1.657942
0.71364267,-0.19494751,0.45556772
0.66396113,-0.088428506,1.0400108
0.43140629,-0.66726705,0.74651753
0.45790445,-0.61242828,1.0396357
0.52705438,-0.53754549,1.45335
0.59187571,-0.46708193,1.5419982
0.65210128,-0.37304138,1.1327602
0.67463162,-0.28895291,0.70842378
0.35590558,-0.76060967,0.64799523
0.14052379,-0.93381609,0.92411638
0.18769425,-0.85724708,1.4776612
0.23597932,-0.8122138,1.4108463
0.07492754,-0.94574413,0.84962961
0.049763077,-0.98507168,0.81184831
0.0075994817,-0.99312626,1.0381524
-0.13893298,-0.98223713,1.0369871
-0.10092918,-0.98692223,1.0932676
-0.022427103,-0.98909342,1.1635763
-0.037930291,-0.98855204,1.2012056
-0.068940238,-0.98200303,1.1913232
-0.18820096,-0.97292947,0.99488942
0.41295225,0.23705603,2.4774457
0.30801606,0.37350318,1.7949103
0.41309859,0.89988102,1.0411735
0.34704822,0.886972,1.0459674
0.24734385,0.84125377,1.258056
0.23840631,0.41839203,1.2255043
0.1869023,0.54614383,0.63478178
0.15167602,0.67518958,0.81328636
0.19067302,0.73742105,1.0560812
0.52656822,0.13227292,2.3569758
0.56096085,0.073529621,2.0703491
0.62631885,-0.032693944,1.5005455
0.6464719,-0.15553898,0.56958197
0.36690194,-0.65049951,0.75705354
0.4209396,-0.56487406,1.0461819
0.48767343,-0.4873034,1.3133141
0.52951116,-0.43923054,1.2554237
0.58539605,-0.33466956,0.81592087
0.59991459,-0.27650336,0.58276777
0.3244161,-0.69729402,0.74813559
0.097564766,-0.91731082,1.2041106
0.13927177,-0.83788134,1.6541206
0.21342971,-0.76334697,1.4157244
0.045857623,-0.95496959,0.97746813
-0.0031944556,-0.98246787,1.1324196
-0.16213766,-0.96918767,1.0208233
-0.088525434,-0.97242028,1.1417526
-0.048736195,-0.97242712,1.2454138
-0.20816877,-0.96895762,0.96991758
-0.31548597,-0.94131737,0.91414844
0.43380509,0.14068368,2.4698712
0.31071565,0.27780709,2.2019193
0.39898269,0.90631401,1.032513
0.36957904,0.91062126,1.0196357
0.32106184,0.90014921,0.99382276
0.26034606,0.88573799,1.0976109
0.1904625,0.83283899,1.3071722
0.15410834,0.41984445,1.1664951
0.12310941,0.5093517,0.89594418
0.084797686,0.67633272,0.84909987
0.15885212,0.78486677,1.2354095
0.55102161,-0.0094568601,1.7135811
0.57755369,-0.20337728,0.4412082
0.36322493,-0.5892185,0.91565252
0.43365831,-0.50064783,1.1249884
0.52020127,-0.36824895,0.8275065
0.2513053,-0.70044243,1.1113648
0.09287586,-0.87040975,1.624598
0.15170592,-0.78139417,1.5955669
0.016160121,-0.95182439,1.2050357
-0.14620759,-0.93887373,1.0329009
-0.10049168,-0.93863991,1.1591153
-0.044351722,-0.93490959,1.3438815
-0.22800598,-0.96437784,0.94338007
-0.33013871,-0.93622431,0.91565323
-0.3007187,-0.94606811,0.9108685
-0.26713423,-0.94902054,0.91621818
0.35224473,0.068692069,2.1612858
0.2215017,0.21593643,2.0230744
0.38472093,0.91241679,1.0252854
0.35669892,0.92630653,0.99189094
0.29270737,0.90265846,0.97286439
0.3290624,0.92923112,0.94712158
0.2276622,0.91725082,0.96442142
0.16604768,0.88148796,1.2242579
0.092389484,0.36265093,1.431101
0.041686435,0.5553223,0.95878527
0.054867883,0.74200626,0.90755599
0.029264876,0.6324379,0.7986811
0.089925319,0.78830884,1.1575864
0.47671617,-0.068188019,1.3580211
0.49269796,-0.17400638,0.59647964
0.3240741,-0.53817419,0.98355252
0.37323528,-0.47225008,0.96055083
0.43253458,-0.33740005,0.51515448
0.21244391,-0.64070581,1.1315923
0.046703793,-0.83959794,1.6921496
0.11062148,-0.7436596,1.5057083
-0.006436497,-0.92057153,1.4509114
-0.18100467,-0.9093902,0.90437535
-0.07652201,-0.91070514,1.2638826
-0.24061743,-0.94665313,0.91284963
-0.33591397,-0.92399516,0.91551288
-0.28623077,-0.93581629,0.90155168
-0.35591943,-0.92427397,0.92241725
-0.38472093,-0.91241679,0.92877937
-0.39898269,-0.90631401,0.93045357
0.24217795,0.10319375,1.9789431
0.37228878,-0.035380372,1.6648867
0.11641203,0.25690831,1.639232
0.34216867,0.93173917,0.96758518
0.28594066,0.9364911,0.84431017
0.31515164,0.94188898,0.89412696
0.24126131,0.94680393,0.80066897
0.19024517,0.92141556,0.99974277
0.11400701,0.88066451,1.2092562
-0.0096049605,0.39742692,1.4077222
-0.029309076,0.50059104,1.1920833
-0.00188505,0.74214455,0.71109124
-0.023470361,0.67694669,0.62188758
0.069495026,0.8354576,1.1896385
0.41258861,-0.24336977,0.41582051
0.25162985,-0.55432088,1.0401067
0.35758149,-0.39977056,0.74875597
0.13348389,-0.66587579,1.2295305
-0.00027383602,-0.86447162,1.5864928
0.052015261,-0.76933497,1.5007458
-0.229514,-0.91800759,0.87368856
-0.16703097,-0.87311739,0.80121203
-0.09034867,-0.85788555,1.1856812
-0.3209649,-0.89757413,0.90834902
-0.29334571,-0.90201275,0.87278705
-0.36879954,-0.9085887,0.92945106
-0.41309859,-0.89988102,0.93457103
0.15714221,0.034898826,1.4936073
0.27497117,-0.1174348,1.2438833
0.032117502,0.18294948,1.3695994
0.30038437,0.94663971,0.85264283
0.26717845,0.94912374,0.74923237
0.22860564,0.96442543,0.74977737
0.17399283,0.95738189,0.80070848
0.092181187,0.92070645,1.018407
-0.088774422,0.33163265,1.4498624
-0.12178323,0.53697071,1.0812195
-0.042953957,0.782339,0.71413512
-0.07955526,0.67975927,0.53501296
0.010037219,0.85701162,1.0941236
0.29928921,-0.21960584,0.78162208
0.19968553,-0.48307918,0.99812743
0.25647599,-0.39445297,0.89747546
0.077116427,-0.62097531,0.96900085
-0.052015722,-0.82599009,1.2935261
-0.0023841125,-0.72831577,1.0760169
-0.26314574,-0.88657145,0.81383636
-0.20189835,-0.84085762,0.67851478
-0.12953281,-0.84360005,0.85217844
-0.34661695,-0.88496853,0.93908266
-0.41769849,-0.88065193,0.94146892
-0.44027606,-0.88067385,0.90184684
-0.47092519,-0.87317332,0.80387655
-0.48665638,-0.86455777,0.76564919
0.052171436,0.073682674,1.1566105
0.16989138,-0.081657283,1.2518537
-0.071074503,0.22289783,1.2673464
0.20876843,0.96900521,0.73565594
0.18880062,0.97297706,0.75453233
0.1501885,0.97038375,0.69826493
0.11029944,0.95264577,0.77670831
0.047519033,0.92133813,1.0515033
-0.18468835,0.36719351,1.4748573
-0.19799305,0.46936744,1.3257938
-0.13301305,0.62511831,0.67408898
-0.040759523,0.83629057,0.93909892
-0.095249486,0.75008181,0.61437043
0.0098870475,0.9028502,1.0998572
0.21812968,-0.30831854,0.88844791
0.10413214,-0.52456364,0.96431767
-0.00014535988,-0.65773993,0.81505594
-0.059437467,-0.7600972,0.9005375
-0.24950379,-0.84569429,0.72935899
-0.16440019,-0.81134028,0.6123598
-0.35797932,-0.85144209,0.98083514
-0.39902358,-0.84973039,1.0074675
-0.45470326,-0.86432561,0.87344082
-0.50424322,-0.85430143,0.79423816
-0.546199,-0.82684823,0.80921878
-0.033577859,0.00055681407,0.67927572
0.084184289,-0.14166955,0.96469273
-0.15485644,0.15645072,0.92054296
0.13251843,0.96553329,0.66250571
0.087196679,0.97354081,0.67765292
0.0366336,0.95439961,0.9938662
-0.26545796,0.30287238,1.3909523
-0.27978062,0.4940571,1.2370443
-0.19541601,0.65002455,0.78479656
-0.092674622,0.86794518,1.04913
-0.14429544,0.77503865,0.80621525
-0.016939978,0.93738283,1.1082762
0.11520861,-0.30976097,1.0112549
0.031431557,-0.48118813,0.95224121
-0.067357059,-0.61445016,0.582729
-0.13274421,-0.71911384,0.40170032
-0.2803111,-0.79870061,0.78761071
-0.18427851,-0.75594302,0.44167358
-0.33293461,-0.80161272,0.99010956
-0.4188868,-0.81453663,1.0900789
-0.45198891,-0.82910993,0.98541072
-0.52068773,-0.83336526,0.8418334
-0.5631269,-0.81553737,0.79615122
0.069013498,-0.2355777,0.97725451
-0.014314179,-0.098239298,0.71695526
-0.13741374,0.043376518,0.46281304
-0.25332597,0.20086442,1.0757233
0.11713893,0.98570734,0.56541256
0.099308177,0.987647,0.59471485
0.069232491,0.98239879,0.77087185
0.050455043,0.97520406,0.88728997
0.0063027954,0.96350322,1.0438347
-0.36073575,0.34106771,1.3848345
-0.36175372,0.43007849,1.279608
-0.2947653,0.57293456,1.0144605
-0.25590028,0.62835808,0.95105875
-0.19100417,0.72962235,0.88490248
-0.097685523,0.91401898,1.1436283
-0.14391502,0.83895046,1.0344597
-0.04528213,0.95121548,1.1534304
0.038657945,-0.3906221,1.0511292
-0.062795856,-0.53431005,0.8177482
-0.14290256,-0.64404264,0.49166347
-0.25258398,-0.73846667,0.72898383
-0.36281151,-0.75736473,1.195154
-0.40771944,-0.77200035,1.2420337
-0.4935271,-0.81202759,0.97096839
-0.57970148,-0.80371484,0.80861211
-0.038229726,-0.25740666,0.9190291
-0.086747497,-0.17692355,0.64089076
-0.22438578,-0.022879644,0.20338192
-0.33660674,0.14713097,0.78266086
0.039356886,0.99093323,0.92981085
0.0046210508,0.98484905,1.024496
-0.44074442,0.28363183,1.2015727
-0.42592441,0.46382329,1.0606654
-0.36849562,0.58410909,0.97628927
-0.28585429,0.68643033,1.1519163
-0.24492588,0.74414609,1.1884148
-0.14068424,0.93455181,1.1471615
-0.074262748,0.94203559,1.176567
-0.18512645,0.87444314,1.1935547
-0.049763077,0.98507168,1.150939
-0.057695633,-0.34481614,1.0644523
-0.14184734,-0.47759752,1.0230352
-0.2199315,-0.5959954,0.92669899
-0.30717181,-0.68528954,1.1012329
-0.36477583,-0.70127549,1.2752478
-0.43494126,-0.73917958,1.3569211
-0.51274853,-0.77105291,1.140152
-0.58456999,-0.78251315,0.850355
-0.60997428,-0.77455281,0.76957494
-0.63987244,-0.7589729,0.78436348
-0.6516976,-0.7489326,0.79228298
-0.19298323,-0.1443836,0.36239329
-0.32510926,0.036461116,0.34084638
-0.42874738,0.19170306,0.88351752
0.023853698,0.99147461,0.97566481
-0.0075994817,0.99312626,1.0571853
-0.52674426,0.31408307,1.125959
-0.49478397,0.44073598,0.99717312
-0.41768163,0.53897643,0.88252058
-0.38417361,0.65094546,1.1104237
-0.3403973,0.69784317,1.3063584
-0.26254379,0.79714826,1.4150791
-0.13942979,0.96705948,1.1466227
-0.17688478,0.9239707,1.1053843
-0.094204906,0.97462971,1.1897187
-0.23481753,0.85549907,1.316856
-0.069283154,0.99079526,1.1710087
-0.038614257,0.99240438,1.1207836
-0.1439735,-0.37866965,1.0601584
-0.22343749,-0.50969039,1.0914869
-0.30204844,-0.61989186,1.201431
-0.41400315,-0.69084557,1.3977614
-0.48217788,-0.74032341,1.3327004
-0.56170556,-0.75987804,1.0254217
-0.62256414,-0.75504575,0.81190422
-0.66328593,-0.73861986,0.8128887
-0.68577669,-0.71846068,0.84920281
-0.26743438,-0.21068906,0.59384933
-0.40878903,-0.0095528006,0.37713578
-0.50678207,0.14016511,0.57348235
-0.023111069,0.99294576,1.0894049
-0.54065332,0.38551762,1.1456209
-0.60002018,0.25616231,0.92189207
-0.52474871,0.50465785,0.79876025
-0.48302942,0.55882915,0.73049762
-0.44172004,0.66637198,1.0428755
-0.36148337,0.75609802,1.5224032
-0.32455828,0.79768734,1.5388097
-0.15786556,0.97849651,1.0950921
-0.11637323,0.97912076,1.1836776
-0.2056637,0.95097975,0.93622298
-0.084744365,0.98953318,1.1862174
-0.26913962,0.88751991,1.0860691
-0.24037247,-0.32068372,0.90919203
-0.30964218,-0.46035958,1.121019
-0.38273254,-0.57438005,1.3143314
-0.45182017,-0.66341676,1.4383937
-0.5021794,-0.69310462,1.3855235
-0.58051786,-0.71777405,1.0934523
-0.61597214,-0.7209021,0.92269182
-0.66718736,-0.72585885,0.84553578
-0.69687267,-0.70761996,0.85851611
-0.36228587,-0.17583713,0.5492101
-0.4116618,-0.099300842,0.50536514
-0.49832119,0.049579109,0.4510996
-0.59205502,0.17417312,0.50834624
-0.61967017,0.39612114,1.2367977
-0.67263467,0.28348681,1.1690005
-0.58261948,0.50706847,0.81407304
-0.49138983,0.61938833,0.7271016
-0.4540803,0.72230873,1.2546102
-0.41761995,0.76513706,1.4556552
-0.33868365,0.8399866,1.3550063
-0.17794536,0.97513631,1.039426
-0.19791317,0.97116446,0.98521542
-0.23263164,0.95388238,0.70522478
-0.26269629,0.92222974,0.6535211
-0.31099125,0.87146836,1.171269
-0.32445099,-0.37028079,0.9213168
-0.38682029,-0.50115278,1.1236498
-0.45276536,-0.60719455,1.345114
-0.55156236,-0.68173013,1.2552576
-0.64303604,-0.70697929,0.88841889
-0.69696851,-0.69245087,0.8733402
-0.71525302,-0.68353631,0.8755122
-0.42124414,-0.2470647,0.5860921
-0.494022,-0.12684107,0.68913173
-0.57020167,0.0024862465,0.6083949
-0.66266986,0.12401446,0.40278949
-0.67837561,0.3520111,1.3539962
-0.63167159,0.45375013,1.0929744
-0.72912367,0.25128596,1.1677863
-0.61846011,0.56054957,0.71286331
-0.54071286,0.63833009,0.64489321
-0.50591121,0.74070183,1.1086974
-0.44002958,0.8070608,1.306158
-0.37475676,0.85989252,1.1883225
-0.24710046,0.9426391,0.50091837
-0.29199871,0.93280315,0.3585438
-0.33177326,0.8961157,0.95919899
-0.41047116,-0.33151369,0.61863012
-0.46628583,-0.46634788,0.73264374
-0.51340687,-0.58217723,1.0714379
-0.56184464,-0.62702495,1.1387458
-0.66172122,-0.68441203,0.89487422
-0.72583262,-0.67219109,0.88310569
-0.4939752,-0.21264141,0.6276644
-0.5630297,-0.084185886,0.85674212
-0.64927739,0.042913592,0.57078369
-0.73472112,0.1457834,0.6558649
-0.743501,0.36791475,1.4693652
-0.68798288,0.48406501,1.1574004
-0.75062666,0.19970353,0.96682302
-0.78740807,0.28478047,1.3072712
-0.67828318,0.54792443,0.94844919
-0.59794011,0.61150588,0.56431233
-0.54287397,0.70370684,0.84998366
-0.51703407,0.78604512,1.1065805
-0.48761279,0.80957576,1.1456916
-0.42911125,0.84190828,1.1422527
-0.40584964,0.86147979,1.124141
-0.36327907,0.89291924,1.0098112
-0.26899161,0.95550196,0.18050806
-0.28620735,0.95047044,0.18169482
-0.31198526,0.93411226,0.4968776
-0.32658006,0.92027938,0.70197513
-0.47512789,-0.38678759,0.38141067
-0.52283959,-0.51455783,0.63546726
-0.61178912,-0.61106684,0.92424748
-0.6556463,-0.64633281,0.92454406
-0.7220715,-0.65314811,0.89599665
-0.55900116,-0.26488178,0.51482008
-0.63508363,-0.13001828,1.1370043
-0.71445963,9.5105171e-05,0.96630634
-0.78142305,0.099695648,0.8735668
-0.79604446,0.33288497,1.4078207
-0.76124348,0.41835822,1.4120788
-0.73630707,0.46824169,1.3066895
-0.813348,0.20192376,1.1004994
-0.83122338,0.25220814,1.197725
-0.71443643,0.57686491,0.99724818
-0.63257739,0.6456387,0.6902629
-0.58719055,0.71604292,0.83290399
-0.55395824,0.79998501,1.0232261
-0.49889397,0.84008899,1.0013996
-0.46000863,0.86438979,0.97640454
-0.4229457,0.89104406,0.98293164
-0.37261612,0.91165028,0.88396042
-0.34285271,0.93056416,0.74099863
-0.55092683,-0.35457897,0.069067498
-0.58054717,-0.49566434,0.14289346
-0.62105894,-0.54732563,0.60467688
-0.69248828,-0.62971761,0.89505604
-0.74312911,-0.64563289,0.91374855
-0.76922711,-0.62649169,0.96192822
-0.78046381,-0.61251189,0.98747805
-0.63110189,-0.22491383,1.0015266
-0.70743784,-0.086164639,1.2996928
-0.77455403,0.03510822,1.0040077
-0.83717212,0.11056249,1.0397482
-0.84787318,0.35928079,1.1778219
-0.81378602,0.42422629,1.2001056
-0.77177322,0.51566528,1.1517727
-0.85319154,0.15887048,1.0937329
-0.87977015,0.26009672,1.0229905
-0.75960229,0.56042909,1.0584622
-0.71860561,0.61349051,0.97233912
-0.67472931,0.64973088,0.81240317
-0.61966672,0.68479899,0.77587782
-0.5962168,0.75105337,0.90617364
-0.55449648,0.82150087,0.99784839
-0.57998416,0.79234652,0.98236655
-0.52030316,0.84360036,0.97821938
-0.48220814,0.86005553,0.9115534
-0.45697154,0.88177918,0.92665309
-0.44317022,0.88886195,0.94103911
-0.41545164,0.90208506,0.928618
-0.35738296,0.92513152,0.80186412
-0.38707397,0.91462083,0.87990592
-0.59979236,-0.41524577,0.01
-0.67054881,-0.54272863,0.72782259
-0.69812097,-0.58985465,0.8547827
-0.75020191,-0.62500804,0.93485955
-0.79278699,-0.59630608,1.0069486
-0.6925071,-0.26861108,1.1450958
-0.76366713,-0.12743844,1.5462466
-0.8276464,0.02004154,1.1766208
-0.86676186,0.069595085,1.1449604
-0.88513855,0.34755934,0.90995249
-0.84787226,0.40017864,1.1014243
-0.83020938,0.45614977,1.0013494
-0.81313298,0.4977053,0.99790658
-0.90421979,0.17539404,1.0859575
-0.91292301,0.22633591,0.9592085
-0.9009629,0.29308473,0.78152499
-0.78262249,0.58455497,1.0082596
-0.75581112,0.62245898,0.99563194
-0.70408427,0.63959851,0.90987419
-0.67838622,0.68517323,0.85513998
-0.65156054,0.70060937,0.84384836
-0.62730941,0.74951,0.93188608
-0.58904899,0.77642209,0.94719001
-0.53756858,0.83281173,0.98010657
-0.40133574,0.90851804,0.89484199
-0.66138277,-0.40464984,0.29379101
-0.68810771,-0.50491998,0.70252576
-0.73477699,-0.5926603,0.92599776
-0.79996781,-0.57067054,1.021495
-0.8210432,-0.55488685,1.0601252
-0.69732438,-0.34399294,0.84783917
-0.74968648,-0.24025864,1.4494064
-0.80912478,-0.099522351,1.5241378
-0.76993231,-0.19370512,1.5565254
-0.85680071,-0.019732762,1.3177319
-0.91125465,0.069690722,1.1795313
-0.91047544,0.36961286,0.78180716
-0.8983179,0.3215792,0.78544704
-0.88064385,0.41767492,0.87834009
-0.86431967,0.45468592,0.77286952
-0.83336526,0.52068773,0.86085261
-0.93888317,0.14371933,1.1106927
-0.9467484,0.24056171,0.77325147
-0.93648317,0.28584072,0.60093773
-0.80371484,0.57970148,0.96016195
-0.77466215,0.60995926,1.0103288
-0.75962893,0.6397823,0.98802746
-0.73124949,0.66039214,0.94079003
-0.69968697,0.69372033,0.89592908
-0.65603115,0.72522098,0.89445612
-0.62815041,0.76859338,0.94616877
-0.64627555,0.74307094,0.91903056
-0.61417061,0.77983007,0.95204948
-0.6899391,-0.45743418,0.58205273
-0.73549482,-0.49927669,0.82580528
-0.76726836,-0.5604996,0.98221994
-0.83235406,-0.53795895,1.0932246
-0.76288922,-0.36641853,1.134524
-0.79398943,-0.28102952,1.4624767
-0.84472066,-0.13266804,1.4534973
-0.84214419,-0.063009742,1.43102
-0.82398973,-0.21357904,1.5123035
-0.9201062,0.00013311139,1.2038705
-0.93864061,0.097993512,1.1608706
-0.93544468,0.040003051,1.1885893
-0.91241465,0.38471469,0.76240169
-0.92616285,0.35673898,0.71989669
-0.92908743,0.32910246,0.668363
-0.89987888,0.41309236,0.81066143
-0.88066791,0.44025872,0.80321362
-0.87317332,0.47092519,0.67576623
-0.85430143,0.50424322,0.74464578
-0.82684823,0.546199,0.88032082
-0.96918767,0.16213766,1.0559146
-0.96437784,0.22800598,0.82099955
-0.94911581,0.26707851,0.5697377
-0.94663971,0.30038437,0.55544229
-0.81553737,0.5631269,0.91522687
-0.74958864,0.65160746,0.96795239
-0.72855108,0.67346055,0.93242972
-0.69687267,0.70761996,0.90356816
-0.71797149,0.68480577,0.91740754
-0.67443146,0.72904027,0.90281521
-0.73732622,-0.45179089,0.81071012
-0.77102561,-0.51504634,0.9716172
-0.84314269,-0.52069353,1.1195761
-0.77433471,-0.42143214,1.0465586
-0.80237488,-0.33180755,1.3583278
-0.83534044,-0.2609256,1.4325309
-0.85332044,-0.18045805,1.3968643
-0.87774007,-0.096155431,1.3306648
-0.95070208,-0.018544325,1.0449527
-0.97241155,0.088515533,1.1608387
-0.9724134,0.048720644,1.1600019
-0.90631187,0.39897646,0.77208761
-0.93159549,0.34220872,0.68176076
-0.94188898,0.31515164,0.59203263
-0.86455777,0.48665638,0.64698304
-0.98223713,0.13893298,1.0855334
-0.97292947,0.18820096,0.97260622
-0.96895762,0.20816877,0.89105281
-0.68577669,0.71846068,0.90583409
-0.8114203,-0.48683849,1.0890455
-0.83952707,-0.49924264,1.1373694
-0.81289801,-0.44071009,1.1273832
-0.85472036,-0.34838527,1.2982081
-0.87119518,-0.2822846,1.1971661
-0.90385427,-0.18493985,1.0496861
-0.91387518,-0.10021187,1.0212666
-0.98235472,0.0027748675,1.0287484
-0.95385227,-0.048236176,0.8894638
-0.98692223,0.10092918,1.1405876
-0.9819943,0.068930337,1.1632355
-0.98854706,0.037924641,1.1170122
-0.98498256,0.11875994,1.1158217
-0.85995128,-0.48216644,1.1809461
-0.84517126,-0.43027413,1.1961184
-0.87347375,-0.37905429,1.2422628
-0.88218964,-0.31896625,1.1878112
-0.9047032,-0.26866221,0.89612299
-0.93138961,-0.14120628,0.83185225
-0.92241395,-0.22651569,0.76364148
-0.94473497,-0.076892155,0.79991014
-0.98908844,0.022421453,1.0732095
-0.99301809,-0.0080134198,0.96772899
-0.98496352,-0.050177016,0.80514332
-0.86411776,-0.45932633,1.1990177
-0.86484701,-0.40705423,1.2233284
-0.90890442,-0.37302288,1.1843306
-0.91705605,-0.32710537,1.0264765
-0.93227641,-0.29034229,0.68388875
-0.96674045,-0.14005489,0.49744599
-0.95746005,-0.2210964,0.49407082
-0.97458414,-0.094294206,0.55501363
-0.9928376,-0.023525007,0.90969626
-0.99079526,-0.069283154,0.69459721
-0.99229621,-0.039028195,0.85512778
-0.8816114,-0.45633094,1.2060115
-0.8941749,-0.41528459,1.2104153
-0.92238565,-0.35778973,1.1263226
-0.91462083,-0.38707397,1.1909308
-0.92781829,-0.34325947,1.073552
-0.93363479,-0.31210382,0.84561813
-0.95042117,-0.28443238,0.47298924
-0.97822306,-0.15840136,0.41094306
-0.97907519,-0.11646253,0.36395765
-0.96063613,-0.24752854,0.40219074
-0.97089101,-0.19844897,0.41983972
-0.98953318,-0.084744365,0.60241581
-0.88869417,-0.44252963,1.2080165
-0.89545388,-0.42856724,1.2093646
-0.90851804,-0.40133574,1.199715
-0.95545269,-0.26721663,0.35090416
-0.97486286,-0.17848116,0.38679806
