iter,objective,step,rel_change
0,0.1670146129,0.05,0.2252520681
1,0.1661628413,19.3630629,0.9948193821
2,0.1416105507,8.279518862,1.57638185
3,0.07373636682,24.25760486,0.4114206132
4,0.1536328664,5.80456311,0.6174344969
5,0.05061767832,19.59720044,0.1488656759
6,0.05796642429,14.36514822,0.4389227367
7,0.07114257431,15.791846,0.212733151
8,0.05157328645,16.06484032,0.3326237455
9,0.07067773532,15.9747158,0.1978871367
10,0.05408907035,7.707675756,0.07094729555
11,0.03386176388,24.51439124,0.04258036081
12,0.04496198843,13.22013073,0.1342153097
13,0.04850948743,14.68587378,0.08245624188
14,0.03970342424,15.08184964,0.1005159514
15,0.04697205942,15.05982824,0.07793352037
16,0.04098908504,7.313385618,0.02410870986
17,0.02920622437,24.61191179,0.01105916756
18,0.03235878596,14.68455627,0.03158076618
19,0.03439337337,14.76204672,0.02856653531
20,0.0333383893,14.17850279,0.03628385808
21,0.03541562858,14.44782932,0.03089938411
22,0.03340798177,7.121209301,0.008800573421
23,0.02739969163,25.10099695,0.003033109255
24,0.02815003044,18.00186728,0.01000628046
25,0.02993423433,15.27219708,0.01359145825
26,0.03042562963,13.89688448,0.01833442388
27,0.0313280424,14.17093377,0.01642343973
28,0.03037772387,7.041682372,0.004521374681
29,0.02659555453,25.3897578,0.001374688643
30,0.02689408734,21.80699835,0.005425328479
31,0.0285729187,15.7316146,0.009696436309
32,0.02945325635,13.76228378,0.01371434423
33,0.03017825623,14.02585444,0.01249164199
34,0.0293792298,7.011644634,0.003362594973
35,0.02619061319,25.37934793,0.0009703895317
36,0.02644944468,22.33315041,0.003811633541
37,0.0278488269,15.6593089,0.007168642126
38,0.0286075883,13.74625635,0.009917510082
39,0.02915275977,13.93794741,0.009229467976
40,0.02857051204,6.987192434,0.002457978214
41,0.02597856926,25.47785267,0.000682474183
42,0.02618088238,24.34695094,0.002894441678
43,0.02751514339,15.80477064,0.006011163091
44,0.02830534542,13.71677878,0.008361064423
45,0.02880223647,13.8753442,0.007839728692
46,0.02825303585,6.976169981,0.002064506031
47,0.0258932161,25.48823934,0.0005340186829
48,0.02607204942,23.81034053,0.002214411322
49,0.02717259829,15.60741574,0.004572920051
50,0.02776680392,13.75551554,0.0061655346
51,0.02814455896,13.85306777,0.005898720726
52,0.02777424008,6.959727,0.001557046112
53,0.0258560283,25.63893647,0.0003937021625
54,0.02598761129,26.80879745,0.001852691805
55,0.02708761734,16.07851831,0.004320787911
56,0.0278845262,6.83624332,0.001534202669
57,0.02585509079,25.44635133,0.0003093137996
58,0.02597107129,28.55728099,0.001555173436
59,0.02698942896,16.38049796,0.003901893457
60,0.02787207534,6.816902462,0.001426692132
61,0.02588846082,25.4101851,0.0002735781552
62,0.0260006505,28.36265459,0.001364923772
63,0.0269371881,16.38499692,0.003445958614
64,0.02773822768,6.837940349,0.001261440094
65,0.0259286316,25.48552307,0.0002449741438
66,0.02603727026,28.34553177,0.001227682705
67,0.02691067587,16.41774706,0.003123907263
68,0.02767534763,6.842279199,0.001146109089
69,0.02597658816,25.51113759,0.0002198865268
70,0.02608569412,28.19483807,0.001109494667
71,0.02691393803,16.36266956,0.002828625928
72,0.02762751679,6.847600708,0.001031216594
73,0.02604523657,25.55008416,0.0001990101061
74,0.02615314165,28.87247323,0.001027741388
75,0.02695823392,8.239930048,0.0006790085092
76,0.02612228879,29.15017708,0.0003275105377
77,0.02634362129,22.46612117,0.001309912596
78,0.02726636771,7.148934181,0.0007222536544
79,0.02619106132,25.96500858,0.0002186826288
80,0.02633531863,23.7676112,0.0009070589699
81,0.02697760639,7.860292443,0.0005059084325
82,0.02625691189,29.15303808,0.0001833488066
83,0.02635937722,17.34694897,0.0003172619256
84,0.02649707494,16.25440076,0.0005860361842
85,0.02667601949,14.61007869,0.0008460913897
86,0.02677540787,14.19041641,0.001024793701
87,0.02687784358,7.013526202,0.0002851086949
88,0.02635789541,29.04701986,9.688352318e-05
89,0.02638790946,142.8539913,0.002032607288
90,0.02674826596,14.53471654,0.0003896077122
91,0.02665892031,16.79260563,0.0004306492138
92,0.02680977233,7.623377408,0.0001639136521
93,0.02655058593,29.50735519,9.279163649e-05
94,0.02656974405,17.6915081,9.56750054e-05
95,0.02662401527,20.94927773,0.000244950391
