run_id,algorithm,mesh,noise.model,noise.level_percent,noise.seed,noise.floor_fraction,noise.electrode_gain_percent,noise.electrode_offset,noise.use_statistical_weighting,noise.weight_relative_floor,lambda,lambda_scaling,max_iter,sigma_min,sigma_max,prior,prior_eps,prior_corrlength,prior_std,tol,line_search,n_line_search,background,failed,rel_L1,rel_L2,rmse,mae,rel_L1_roi,rel_L2_roi,dice,correlation,dynamic_range,recon_min,recon_max,roi_area,data_residual,data_residual_rel,chi2_per_dof,runtime_s,n_cells,snr_db,beta,alpha,kappa,stopping_criterion,step_min,initial_step_size,R,scattering,k_grid,z_grid,contact_correction,quad_order,t_cutoff
gn_lambda=0.03_level_percent=0.5,gn,coarse,relative_to_max,0.5,0,0,0,0,True,0.001,0.03,auto,12,0.01,5,laplacian,0.0001,0.2,0.15,1e-05,armijo,6,1,False,0.2119882,0.29467036,0.34152949,0.2244247,0.42017548,0.37945356,0.62138244,0.69344765,0.78601654,0.01,2.2108463,0.30514381,0.044550745,0.011844741,0.7438526,1.4652019,746,37.158823,,,,,,,,,,,,,
gn_lambda=0.1_level_percent=0.5,gn,coarse,relative_to_max,0.5,0,0,0,0,True,0.001,0.1,auto,12,0.01,5,laplacian,0.0001,0.2,0.15,1e-05,armijo,6,1,False,0.18985185,0.28731324,0.33300243,0.2009897,0.43992199,0.40585969,0.57815846,0.71959029,0.65619937,0.18453701,2.0218952,0.30514381,0.045105578,0.011992255,0.7624958,0.32060885,746,37.158823,,,,,,,,,,,,,
gn_lambda=0.3_level_percent=0.5,gn,coarse,relative_to_max,0.5,0,0,0,0,True,0.001,0.3,auto,12,0.01,5,laplacian,0.0001,0.2,0.15,1e-05,armijo,6,1,False,0.18213362,0.29111205,0.33740533,0.19281866,0.46791931,0.43139045,0.5381004,0.72024457,0.60331812,0.20442648,1.8937172,0.30514381,0.045909312,0.012205944,0.78991163,0.35041499,746,37.158823,,,,,,,,,,,,,
tv_lambda=3_level_percent=0.5,tv,coarse,relative_to_max,0.5,0,0,0,0,True,0.001,3,auto,10,0.01,5,,,,,1e-05,armijo,6,1,False,0.22630143,0.31064574,0.36004531,0.23957763,0.38402473,0.3464317,0.61013167,0.66687172,0.79224957,0.01,2.2282988,0.30514381,0.044256803,0.011766591,0.73406923,0.32810903,746,37.158823,1e-06,,,,,,,,,,,,
tv_lambda=10_level_percent=0.5,tv,coarse,relative_to_max,0.5,0,0,0,0,True,0.001,10,auto,10,0.01,5,,,,,1e-05,armijo,6,1,False,0.18440173,0.28981071,0.33589705,0.19521984,0.40559518,0.37690578,0.46862714,0.70653725,0.59602167,0.27987105,1.9487317,0.30514381,0.044887216,0.011934199,0.75513098,0.31655979,746,37.158823,1e-06,,,,,,,,,,,,
linear_lambda=0.3_level_percent=0.5,linear,coarse,relative_to_max,0.5,0,0,0,0,True,0.001,0.3,auto,,0.01,5,laplacian,0.0001,0.2,0.15,,,,1,False,0.19195024,0.31274114,0.36247393,0.20321119,0.47010547,0.46606588,0.47313305,0.67213853,0.60165713,0.077629175,1.7622691,0.30514381,0.18812206,0.050016158,13.263447,0.029449224,746,37.158823,,,,,,,,,,,,,
l1_level_percent=0.5,l1,coarse,relative_to_max,0.5,0,0,0,0,True,0.001,,,200,0.01,5,,,,,,,,1,False,0.15462684,0.28102326,0.3257122,0.16369818,0.47102896,0.4391192,0.61851211,0.77818743,0.61554022,0.22132672,1.9448393,0.30514381,0.097742344,0.025986833,3.5804899,5.9970529,746,37.158823,,1e-05,0.0285,0.0005,1e-06,0.05,,,,,,,
dbar_R=3_level_percent=0.5,dbar,coarse,relative_to_max,0.5,0,0,0,0,True,0.001,,,,0.01,5,,,,,,,,1,False,0.20783385,0.31728827,0.36774415,0.22002663,0.55876363,0.47743958,0.4950139,0.64546431,0.42127111,0.56678826,1.7463474,0.30514381,0.31397581,0.083476991,36.946161,11.683051,746,37.158823,,,,,,,3,exp,64,64,True,4,None
dbar_R=3.5_level_percent=0.5,dbar,coarse,relative_to_max,0.5,0,0,0,0,True,0.001,,,,0.01,5,,,,,,,,1,False,0.22607161,0.30505562,0.35356624,0.23933432,0.43178679,0.37361843,0.68428451,0.66744135,0.68603507,0.45925866,2.3801569,0.30514381,0.40637293,0.10804269,61.890857,4.2090719,746,37.158823,,,,,,,3.5,exp,64,64,True,4,None
dbar_R=4_level_percent=0.5,dbar,coarse,relative_to_max,0.5,0,0,0,0,True,0.001,,,,0.01,5,,,,,,,,1,False,0.29584048,0.41989232,0.48666452,0.31319625,0.35206614,0.33997101,0.51011863,0.59077088,1.2950649,0.31477521,3.940957,0.30514381,0.49965121,0.13284265,93.564441,5.2201021,746,37.158823,,,,,,,4,exp,64,64,True,4,None
gn_lambda=0.03_level_percent=2,gn,coarse,relative_to_max,2,0,0,0,0,True,0.001,0.03,auto,12,0.01,5,laplacian,0.0001,0.2,0.15,1e-05,armijo,6,1,False,0.4324927,0.51335569,0.59499065,0.45786531,0.53573199,0.48806127,0.37358715,0.3383374,0.98244125,0.01,2.7608355,0.30514381,0.22407397,0.059414248,1.1760879,0.47518206,746,25.117623,,,,,,,,,,,,,
gn_lambda=0.1_level_percent=2,gn,coarse,relative_to_max,2,0,0,0,0,True,0.001,0.1,auto,12,0.01,5,laplacian,0.0001,0.2,0.15,1e-05,armijo,6,1,False,0.34516912,0.41629015,0.48248953,0.36541881,0.48323108,0.4199741,0.42310321,0.45881064,0.84164174,0.01,2.3665969,0.30514381,0.1845447,0.048932878,0.79773767,0.47049379,746,25.117623,,,,,,,,,,,,,
gn_lambda=0.3_level_percent=2,gn,coarse,relative_to_max,2,0,0,0,0,True,0.001,0.3,auto,12,0.01,5,laplacian,0.0001,0.2,0.15,1e-05,armijo,6,1,False,0.27295715,0.35099218,0.40680773,0.28897045,0.48648849,0.4194427,0.46057441,0.55504209,0.74603558,0.01,2.0988996,0.30514381,0.18125957,0.048061813,0.76958904,0.46308613,746,25.117623,,,,,,,,,,,,,
tv_lambda=3_level_percent=2,tv,coarse,relative_to_max,2,0,0,0,0,True,0.001,3,auto,10,0.01,5,,,,,1e-05,armijo,6,1,False,0.39706119,0.49581633,0.57466213,0.42035517,0.50195804,0.4801247,0.38275998,0.37867331,0.9438112,0.01,2.6526714,0.30514381,0.21124394,0.056012306,1.0452628,0.37977695,746,25.117623,1e-06,,,,,,,,,,,,
tv_lambda=10_level_percent=2,tv,coarse,relative_to_max,2,0,0,0,0,True,0.001,10,auto,10,0.01,5,,,,,1e-05,armijo,6,1,False,0.35847181,0.44316752,0.51364099,0.37950191,0.47797192,0.43255847,0.36347622,0.43182719,0.84670755,0.01,2.3807812,0.30514381,0.18509777,0.049079529,0.80252643,0.37065911,746,25.117623,1e-06,,,,,,,,,,,,
linear_lambda=0.3_level_percent=2,linear,coarse,relative_to_max,2,0,0,0,0,True,0.001,0.3,auto,,0.01,5,laplacian,0.0001,0.2,0.15,,,,1,False,0.27547837,0.36645069,0.42472448,0.29163958,0.49058922,0.46012831,0.31860113,0.5343459,0.70040588,0.01,1.9711365,0.30514381,0.41196868,0.1092354,3.9754415,0.032227039,746,25.117623,,,,,,,,,,,,,
l1_level_percent=2,l1,coarse,relative_to_max,2,0,0,0,0,True,0.001,,,200,0.01,5,,,,,,,,1,False,0.15660778,0.28260224,0.32754227,0.16579533,0.45480349,0.42464148,0.61432099,0.75246753,0.67678132,0.24510108,2.1400888,0.30514381,0.19908133,0.052787333,0.92836344,3.2352571,746,25.117623,,1e-05,0.0285,0.0005,1e-06,0.05,,,,,,,
dbar_R=3_level_percent=2,dbar,coarse,relative_to_max,2,0,0,0,0,True,0.001,,,,0.01,5,,,,,,,,1,False,0.27357801,0.33266533,0.3855665,0.28962773,0.29974208,0.2502783,0.68579627,0.66717753,0.81476563,0.44483254,2.7261763,0.30514381,0.63122734,0.16737284,9.333157,4.6891048,746,25.117623,,,,,,,3,exp,64,64,True,4,None
dbar_R=3.5_level_percent=2,dbar,coarse,relative_to_max,2,0,0,0,0,True,0.001,,,,0.01,5,,,,,,,,1,False,0.52076463,0.74029623,0.85801977,0.5513158,0.50312191,0.52216035,0.63111798,0.62565687,1.7018034,0.23495054,5,0.30514381,1.1996189,0.31808448,33.70882,6.872088,746,25.117623,,,,,,,3.5,exp,64,64,True,4,None
dbar_R=4_level_percent=2,dbar,coarse,relative_to_max,2,0,0,0,0,True,0.001,,,,0.01,5,,,,,,,,1,False,1.0083887,1.3501806,1.5648893,1.0675468,0.59227364,0.62114162,0.36888946,0.46496365,1.7634552,0.062325424,5,0.30514381,2.4854368,0.65902505,144.69797,13.562299,746,25.117623,,,,,,,4,exp,64,64,True,4,None
