pattern,electrode,voltage
0,0,0.6346957846
0,1,-0.609258724
0,2,-0.1732314284
0,3,-0.1007360144
0,4,-0.07210212188
0,5,-0.05420950822
0,6,-0.04071630647
0,7,-0.02923696264
0,8,-0.01797742904
0,9,-0.004368553894
0,10,0.01304341914
0,11,0.02880916826
0,12,0.04563137677
0,13,0.06929319295
0,14,0.1096990056
0,15,0.2006651015
1,0,0.1772302695
1,1,0.6132575651
1,2,-0.6029301122
1,3,-0.1692247042
1,4,-0.0919065546
1,5,-0.0607931012
1,6,-0.04303717077
1,7,-0.03066072327
1,8,-0.02034471668
1,9,-0.00934010479
1,10,0.003964590186
1,11,0.01535696856
1,12,0.0261773214
1,13,0.03950799394
1,14,0.0590532807
1,15,0.09368919839
2,0,0.0959513749
2,1,0.1684467889
2,2,0.6021521969
2,3,-0.6277540126
2,4,-0.1916849307
2,5,-0.1024916138
2,6,-0.06388641952
2,7,-0.04176240111
2,8,-0.02630021058
2,9,-0.01222993728
2,10,0.00347111505
2,11,0.01606176698
2,12,0.02639948814
2,13,0.0369942286
2,14,0.049642696
2,15,0.06698986994
3,0,0.07470132011
3,1,0.1033352126
3,2,0.1806533622
3,3,0.6167224441
3,4,-0.6369266929
3,5,-0.2064638642
3,6,-0.1160150609
3,7,-0.07543942898
3,8,-0.0509766447
3,9,-0.03117718421
3,10,-0.01034849056
3,11,0.005813867469
3,12,0.01819297941
3,13,0.02971121702
3,14,0.04194755962
3,15,0.05626940394
4,0,0.05601674005
4,1,0.07390935371
4,2,0.1050228071
4,3,0.194216124
4,4,0.6246789527
4,5,-0.6374091213
4,6,-0.2102260224
4,7,-0.1217556115
4,8,-0.08171374653
4,9,-0.05481901055
4,10,-0.02901590699
4,11,-0.009655047806
4,12,0.004377255371
4,13,0.01652968355
4,14,0.0284927265
4,15,0.04135082415
5,0,0.04021870503
5,1,0.05371190678
5,2,0.07146783722
5,3,0.1100730315
5,4,0.2005218348
5,5,0.6277049337
5,6,-0.6386003573
5,7,-0.2135844132
5,8,-0.1264499475
5,9,-0.08463299834
5,10,-0.0506856686
5,11,-0.0264111314
5,12,-0.009852848514
5,13,0.003428078243
5,14,0.01552103667
5,15,0.02757000095
6,0,0.02734281047
6,1,0.0388221543
6,2,0.05119860179
6,3,0.0733226202
6,4,0.1138982521
6,5,0.202368663
6,6,0.627384607
6,7,-0.6399071819
6,8,-0.2186032343
6,9,-0.1313375536
6,10,-0.08056543679
6,11,-0.04707575851
6,12,-0.02571973083
6,13,-0.00992515487
6,14,0.003306817113
6,15,0.01548952479
7,0,0.01670701368
7,1,0.02796654728
7,2,0.03828255387
7,3,0.0537447444
7,4,0.07820752867
7,5,0.1182493937
7,6,0.2053838594
7,7,0.6266878071
7,8,-0.6454478615
7,9,-0.2291841229
7,10,-0.1320251951
7,11,-0.07885792715
7,12,-0.04760738571
7,13,-0.02631024508
7,14,-0.009883472687
7,15,0.004086762117
8,0,0.004272524334
8,1,0.01788139948
8,2,0.02888601137
8,3,0.04295628467
8,4,0.06275574517
8,5,0.08965048116
8,6,0.1314674303
8,7,0.2187331109
8,8,0.6349968496
8,9,-0.6574214209
8,10,-0.2459888662
8,11,-0.1416521653
8,12,-0.08842984188
8,13,-0.05505734451
8,14,-0.03107717521
8,15,-0.01197302297
9,0,-0.02242163948
9,1,-0.005009666445
9,2,0.008295028531
9,3,0.02399608086
9,4,0.04482477451
9,5,0.07062787806
9,6,0.1045752078
9,7,0.1553473246
9,8,0.2525062524
9,9,0.663938807
9,10,-0.6668618936
9,11,-0.2550452805
9,12,-0.1563607547
9,13,-0.1045051913
9,14,-0.07003226387
9,15,-0.04387466386
10,0,-0.04356119116
10,1,-0.02779544204
10,2,-0.01640306366
10,3,-0.003812411726
10,4,0.0123499463
10,5,0.03171080549
10,6,0.05598534269
10,7,0.08947502097
10,8,0.142642289
10,9,0.2469789899
10,10,0.658795603
10,11,-0.6362487419
10,12,-0.2212021081
10,13,-0.133525015
10,14,-0.0913447463
10,15,-0.06404527749
11,0,-0.05467953993
11,1,-0.03785733142
11,2,-0.02703697858
11,3,-0.01669925742
11,4,-0.004320145481
11,5,0.009712157696
11,6,0.02627044059
11,7,0.04762646827
11,8,0.07887700971
11,9,0.1320993331
11,10,0.2307838589
11,11,0.6458304927
11,12,-0.6265313322
11,13,-0.2057168292
11,14,-0.1190904234
11,15,-0.0792679234
12,0,-0.07469414227
12,1,-0.05103232609
12,2,-0.03770165355
12,3,-0.02710691309
12,4,-0.01558867547
12,5,-0.003436247294
12,6,0.009844679462
12,7,0.02563925542
12,8,0.04693639605
12,9,0.08030889341
12,10,0.1321644568
12,11,0.2198415499
12,12,0.6406560529
12,13,-0.6274265452
12,14,-0.2032675583
12,15,-0.1151372227
13,0,-0.1120908999
13,1,-0.07168508732
13,2,-0.05213980056
13,3,-0.03949133316
13,4,-0.02725499056
13,5,-0.01529194761
13,6,-0.003198989181
13,7,0.0100329828
13,8,0.0264597552
13,9,0.05043992449
13,10,0.08491285195
13,11,0.1270931206
13,12,0.2137195265
13,13,0.6378785133
13,14,-0.6276062071
13,15,-0.2017774194
14,0,-0.1980978111
14,1,-0.1071317152
14,2,-0.07249579747
14,3,-0.05514862353
14,4,-0.04082677922
14,5,-0.02796868156
14,6,-0.01591971728
14,7,-0.003737009607
14,8,0.0102332252
14,9,0.02933737744
14,10,0.05549497745
14,11,0.08279444626
14,12,0.1226169462
14,13,0.2107472819
14,14,0.6365760696
14,15,-0.6264741891
